town,Count,Black,Hispanic,White,Asian,NativeA,BP,HP,WP,AP,Population,pCapita,WhiteAlone,BlackAlone,AsianAlone,Hispanicalone,,pAsian(capita),2,,pHispanic(capita),3,,pWhite(capita),4,,pBlack(capita),5,,,,,%Pop(W),%Pop(B),%Pop(A),%Pop(H),,,TotalWBond,TotalAveB,TotalHBond,TotalAbond,TotalBbond
Andover,1,0,0,1,0,0,0,0,100,0,3303,0.303,2908,68,37,47,,0,0,,0,0,,0.034,0.034,,0,0,,,,,0.88,0.02,0.01,0.01,,,5000,5000,0,0,0
Ansonia,1191,512,19,647,0,2,42.989,1.595,54.324,0,19249,61.873,12748,1431,414,4323,,0,0,,0.44,0.44,,5.075,5.075,,35.779,35.779,,,,,0.66,0.07,0.02,0.22,,,10622,16288,39632,0,22957
Ashford,1,0,0,1,0,0,0,0,100,0,4317,0.232,4052,77,2,76,,0,0,,0,0,,0.025,0.025,,0,0,,,,,0.94,0.02,0,0.02,,,5000,5000,0,0,0
Avon,6,0,0,6,0,0,0,0,100,0,18098,0.332,16018,76,1517,472,,0,0,,0,0,,0.037,0.037,,0,0,,,,,0.89,0,0.08,0.03,,,6958,6958,0,0,0
BarkHamsted,0,0,0,0,0,0,#DIV/0!,#DIV/0!,#DIV/0!,#DIV/0!,3799,0,3690,1,21,28,,0,0,,0,0,,0,0,,0,0,,,,,0.97,0,0.01,0.01,,,0,0,0,0,0
Beacon Falls,4,0,1,3,0,0,0,25,75,0,6049,0.661,5495,36,111,385,,0,0,,0.26,0.26,,0.055,0.055,,0,0,,,,,0.91,0.01,0.02,0.06,,,50000,87500,200000,0,0
Berlin,13,1,0,12,0,0,7.692,0,92.308,0,19866,0.654,18796,197,638,569,,0,0,,0,0,,0.064,0.064,,0.508,0.508,,,,,0.95,0.01,0.03,0.03,,,10625,10192,0,0,5000
Bethany,4,0,0,4,0,0,0,0,100,0,5563,0.719,5313,1,95,72,,0,0,,0,0,,0.075,0.075,,0,0,,,,,0.96,0,0.02,0.01,,,5000,5000,0,0,0
Bethel,16,2,0,14,0,0,12.5,0,87.5,0,18584,0.861,16233,232,850,1301,,0,0,,0,0,,0.086,0.086,,0.862,0.862,,,,,0.87,0.01,0.05,0.07,,,9150,8631,0,0,5000
Bethlehem,3,0,0,2,1,0,0,0,66.667,33.333,3607,0.832,3483,18,8,32,,12.5,12.5,,0,0,,0.057,0.057,,0,0,,,,,0.97,0,0,0.01,,,5250,3833,0,1000,0
Bloomfield,43,31,0,12,0,0,72.093,0,27.907,0,20486,2.099,7026,11266,388,1073,,0,0,,0,0,,0.171,0.171,,0.275,0.275,,,,,0.34,0.55,0.02,0.05,,,17354,13110,0,0,11468
Bolton,1,0,0,1,0,0,0,0,100,0,4980,0.201,4479,60,100,224,,0,0,,0,0,,0.022,0.022,,0,0,,,,,0.9,0.01,0.02,0.04,,,2000,2000,0,0,0
Bozrah,0,0,0,0,0,0,#DIV/0!,#DIV/0!,#DIV/0!,#DIV/0!,2627,0,2368,32,35,108,,0,0,,0,0,,0,0,,0,0,,,,,0.9,0.01,0.01,0.04,,,0,0,0,0,0
Branford,96,5,1,89,0,1,5.208,1.042,92.708,0,28026,3.425,24719,334,1180,1467,,0,0,,0.068,0.068,,0.36,0.36,,1.497,1.497,,,,,0.88,0.01,0.04,0.05,,,20133,19248,0,0,11200
Bridgeport,901,553,51,291,0,0,61.376,5.66,32.297,0,144229,6.247,31048,49967,5319,57030,,0,0,,0.089,0.089,,0.937,0.937,,1.107,1.107,,,,,0.22,0.35,0.04,0.4,,,30024,64400,35257,0,85498
Bridgewater,0,0,0,0,0,0,#DIV/0!,#DIV/0!,#DIV/0!,#DIV/0!,1727,0,1596,15,25,83,,0,0,,0,0,,0,0,,0,0,,,,,0.92,0.01,0.01,0.05,,,0,0,0,0,0
Bristol,276,48,4,219,0,4,17.391,1.449,79.348,0,60477,4.564,49770,1596,1178,6476,,0,0,,0.062,0.062,,0.44,0.44,,3.008,3.008,,,,,0.82,0.03,0.02,0.11,,,39097,51801,75750,0,96291
Brookfield,11,1,0,10,0,0,9.091,0,90.909,0,16452,0.669,14684,119,944,735,,0,0,,0,0,,0.068,0.068,,0.84,0.84,,,,,0.89,0.01,0.06,0.04,,,10655,11050,0,0,15000
Brooklyn,28,5,2,21,0,0,17.857,7.143,75,0,8210,3.41,7174,119,50,704,,0,0,,0.284,0.284,,0.293,0.293,,4.202,4.202,,,,,0.87,0.01,0.01,0.09,,,20071,19518,10000,0,21000
Burlington,1,0,0,1,0,0,0,0,100,0,9301,0.108,8907,98,179,186,,0,0,,0,0,,0.011,0.011,,0,0,,,,,0.96,0.01,0.02,0.02,,,5000,5000,0,0,0
Canaan,5,1,0,4,0,0,20,0,80,0,1234,4.052,1200,0,2,26,,0,0,,0,0,,0.333,0.333,,#DIV/0!,#DIV/0!,,,,,0.97,0,0,0.02,,,5375,4840,0,0,2700
Canterbury,0,0,0,0,0,0,#DIV/0!,#DIV/0!,#DIV/0!,#DIV/0!,5132,0,4945,37,28,0,,0,0,,#DIV/0!,#DIV/0!,,0,0,,0,0,,,,,0.96,0.01,0.01,0,,,,0,0,0,0
Canton,5,1,0,4,0,0,20,0,80,0,10292,0.486,9462,51,88,625,,0,0,,0,0,,0.042,0.042,,1.961,1.961,,,,,0.92,0,0.01,0.06,,,29125,27300,0,0,20000
Chaplin,2,2,0,0,0,0,100,0,0,0,2305,0.868,2066,24,0,118,,#DIV/0!,#DIV/0!,,0,0,,0,0,,8.333,8.333,,,,,0.9,0.01,0,0.05,,,0,0,0,0,0
Cheshire,27,2,0,25,0,0,7.407,0,92.593,0,29261,0.923,23215,1330,2246,1982,,0,0,,0,0,,0.108,0.108,,0.15,0.15,,,,,0.79,0.05,0.08,0.07,,,3680,3630,0,0,3000
Chester,2,0,0,2,0,0,0,0,100,0,3994,0.501,4012,30,27,113,,0,0,,0,0,,0.05,0.05,,0,0,,,,,1,0.01,0.01,0.03,,,50000,50000,0,0,0
Clinton,23,2,0,21,0,0,8.696,0,91.304,0,13260,1.735,11909,38,205,860,,0,0,,0,0,,0.176,0.176,,5.263,5.263,,,,,0.9,0,0.02,0.06,,,21452,20022,0,0,5000
Colchester,4,0,0,4,0,0,0,0,100,0,16068,0.249,15226,162,172,319,,0,0,,0,0,,0.026,0.026,,0,0,,,,,0.95,0.01,0.01,0.02,,,25000,25000,0,0,0
Colebrook,1,0,0,1,0,0,0,0,100,0,1485,0.673,1543,5,10,25,,0,0,,0,0,,0.065,0.065,,0,0,,,,,1.04,0,0.01,0.02,,,0,0,0,0,0
Columbia,3,1,0,1,0,1,33.333,0,33.333,0,5485,0.547,4853,126,57,0,,0,0,,#DIV/0!,#DIV/0!,,0.021,0.021,,0.794,0.794,,,,,0.88,0.02,0.01,0,,,50000,50167,0,0,100000
Cornwall,0,0,0,0,0,0,#DIV/0!,#DIV/0!,#DIV/0!,#DIV/0!,1420,0,1453,0,16,4,,0,0,,0,0,,0,0,,#DIV/0!,#DIV/0!,,,,,1.02,0,0.01,0,,,0,0,0,0,0
Coventry,12,0,0,12,0,0,0,0,100,0,12435,0.965,11587,53,198,487,,0,0,,0,0,,0.104,0.104,,0,0,,,,,0.93,0,0.02,0.04,,,26750,26750,0,0,0
Cromwell,9,1,0,8,0,0,11.111,0,88.889,0,14005,0.643,11574,1024,506,790,,0,0,,0,0,,0.069,0.069,,0.098,0.098,,,,,0.83,0.07,0.04,0.06,,,5625,5278,0,0,2500
Danbury,661,232,26,374,1,7,35.098,3.933,56.581,0.151,80893,8.171,47009,4897,4736,22465,,0.021,0.021,,0.116,0.116,,0.796,0.796,,4.738,4.738,,,,,0.58,0.06,0.06,0.28,,,19029,22760,27240,50000,29945
Darien,2,2,0,0,0,0,100,0,0,0,20732,0.096,19287,71,846,515,,0,0,,0,0,,0,0,,2.817,2.817,,,,,0.93,0,0.04,0.02,,,0,37500,0,0,37500
Deep River,6,1,0,5,0,0,16.667,0,83.333,0,4629,1.296,4171,142,103,145,,0,0,,0,0,,0.12,0.12,,0.704,0.704,,,,,0.9,0.03,0.02,0.03,,,21200,17667,0,0,0
Derby,574,178,8,383,0,0,31.01,1.394,66.725,0,12902,44.489,8471,528,374,3273,,0,0,,0.244,0.244,,4.521,4.521,,33.712,33.712,,,,,0.66,0.04,0.03,0.25,,,10791,12160,16750,0,15086
Durham,2,0,0,2,0,0,0,0,100,0,7388,0.271,6789,18,145,235,,0,0,,0,0,,0.029,0.029,,0,0,,,,,0.92,0,0.02,0.03,,,25250,25250,0,0,0
East Granby,1,0,1,0,0,0,0,100,0,0,5148,0.194,4334,314,171,182,,0,0,,0.549,0.549,,0,0,,0,0,,,,,0.84,0.06,0.03,0.04,,,0,150000,150000,0,0
East Haddam,0,0,0,0,0,0,#DIV/0!,#DIV/0!,#DIV/0!,#DIV/0!,9126,0,8573,84,93,205,,0,0,,0,0,,0,0,,0,0,,,,,0.94,0.01,0.01,0.02,,,0,0,0,0,0
East Hampton,9,1,0,8,0,0,11.111,0,88.889,0,12959,0.694,11456,67,463,730,,0,0,,0,0,,0.07,0.07,,1.493,1.493,,,,,0.88,0.01,0.04,0.06,,,31438,28222,0,0,2500
East Hartford,135,87,8,39,0,0,64.444,5.926,28.889,0,51252,2.634,19613,12402,2933,14897,,0,0,,0.054,0.054,,0.199,0.199,,0.701,0.701,,,,,0.38,0.24,0.06,0.29,,,69515,67317,33275,0,69834
East Haven,313,51,1,260,0,1,16.294,0.319,83.067,0,29257,10.698,23026,1014,1400,3115,,0,0,,0.032,0.032,,1.129,1.129,,5.03,5.03,,,,,0.79,0.03,0.05,0.11,,,27529,32455,10000,0,58626
East Lyme,19,1,1,17,0,0,5.263,5.263,89.474,0,19159,0.992,15423,774,1069,1307,,0,0,,0.077,0.077,,0.11,0.11,,0.129,0.129,,,,,0.81,0.04,0.06,0.07,,,4647,4474,5000,0,1000
East Windsor,23,3,0,19,1,0,13.043,0,82.609,4.348,11162,2.061,8522,902,769,720,,0.13,0.13,,0,0,,0.223,0.223,,0.333,0.333,,,,,0.76,0.08,0.07,0.06,,,12868,17152,0,25000,41667
Eastford,0,0,0,0,0,0,#DIV/0!,#DIV/0!,#DIV/0!,#DIV/0!,1749,0,1624,6,28,33,,0,0,,0,0,,0,0,,0,0,,,,,0.93,0,0.02,0.02,,,0,0,0,0,0
Easton,9,2,2,4,1,0,22.222,22.222,44.444,11.111,7490,1.202,6804,38,218,421,,0.459,0.459,,0.475,0.475,,0.059,0.059,,5.263,5.263,,,,,0.91,0.01,0.03,0.06,,,4750,28389,80000,75000,750
Ellington,8,0,0,8,0,0,0,0,100,0,15602,0.513,14848,112,349,250,,0,0,,0,0,,0.054,0.054,,0,0,,,,,0.95,0.01,0.02,0.02,,,37813,37813,0,0,0
Enfield,737,152,0,571,3,6,20.624,0,77.476,0.407,44654,16.505,36548,2450,1055,3715,,0.284,0.284,,0,0,,1.562,1.562,,6.204,6.204,,,,,0.82,0.05,0.02,0.08,,,15590,21933,0,6333,42411
Essex,2,0,0,2,0,0,0,0,100,0,6683,0.299,6464,27,13,106,,0,0,,0,0,,0.031,0.031,,0,0,,,,,0.97,0,0,0.02,,,0,0,0,0,0
Fairfield,100,13,2,83,0,2,13,2,83,0,59404,1.683,52402,778,2836,3139,,0,0,,0.064,0.064,,0.158,0.158,,1.671,1.671,,,,,0.88,0.01,0.05,0.05,,,35889,33138,10000,0,23846
Farmington,104,14,0,86,0,3,13.462,0,82.692,0,25340,4.104,21174,550,2431,756,,0,0,,0,0,,0.406,0.406,,2.545,2.545,,,,,0.84,0.02,0.1,0.03,,,19589,25270,0,0,67250
Franklin,1,0,0,1,0,0,0,0,100,0,1922,0.52,1915,0,2,23,,0,0,,0,0,,0.052,0.052,,#DIV/0!,#DIV/0!,,,,,1,0,0,0.01,,,20000,20000,0,0,0
Glastonbury,149,18,2,126,0,2,12.081,1.342,84.564,0,34427,4.328,28846,800,3247,1365,,0,0,,0.147,0.147,,0.437,0.437,,2.25,2.25,,,,,0.84,0.02,0.09,0.04,,,56154,57006,175000,0,57778
Goshen,2,0,0,2,0,0,0,0,100,0,2976,0.672,2802,15,8,103,,0,0,,0,0,,0.071,0.071,,0,0,,,,,0.94,0.01,0,0.03,,,0,0,0,0,0
Granby,38,5,0,33,0,0,13.158,0,86.842,0,11282,3.368,10431,126,114,359,,0,0,,0,0,,0.316,0.316,,3.968,3.968,,,,,0.92,0.01,0.01,0.03,,,2661,2771,0,0,3500
Greenwich,69,8,0,60,0,1,11.594,0,86.957,0,61171,1.128,48312,1130,4096,7080,,0,0,,0,0,,0.124,0.124,,0.708,0.708,,,,,0.79,0.02,0.07,0.12,,,11719,11604,0,0,12006
Griswold,20,2,0,17,0,1,10,0,85,0,11951,1.674,10648,92,336,502,,0,0,,0,0,,0.16,0.16,,2.174,2.174,,,,,0.89,0.01,0.03,0.04,,,3000,20550,0,0,175000
Groton,248,76,1,166,0,4,30.645,0.403,66.935,0,40115,6.182,29498,2451,1988,3981,,0,0,,0.025,0.025,,0.563,0.563,,3.101,3.101,,,,,0.74,0.06,0.05,0.1,,,19779,26296,24000,0,41209
Guilford,53,1,0,52,0,0,1.887,0,98.113,0,22375,2.369,20586,124,464,896,,0,0,,0,0,,0.253,0.253,,0.806,0.806,,,,,0.92,0.01,0.02,0.04,,,24160,23798,0,0,5000
Haddam,2,0,0,2,0,0,0,0,100,0,8346,0.24,7907,24,181,207,,0,0,,0,0,,0.025,0.025,,0,0,,,,,0.95,0,0.02,0.02,,,1250,1250,0,0,0
Hamden,203,119,0,83,0,0,58.621,0,40.887,0,60960,3.33,39269,11500,3072,6177,,0,0,,0,0,,0.211,0.211,,1.035,1.035,,,,,0.64,0.19,0.05,0.1,,,19753,39474,0,0,53561
Hampton,0,0,0,0,0,0,#DIV/0!,#DIV/0!,#DIV/0!,#DIV/0!,1863,0,1760,13,6,83,,0,0,,0,0,,0,0,,0,0,,,,,0.94,0.01,0,0.04,,,0,0,0,0,0
Hartford,12305,5252,2776,4073,169,1,42.682,22.56,33.1,1.373,124775,98.618,19941,43897,3158,54603,,5.351,5.351,,5.084,5.084,,20.425,20.425,,11.964,11.964,,,,,0.16,0.35,0.03,0.44,,,26589,39381,50756,28876,42123
Hartland,0,0,0,0,0,0,#DIV/0!,#DIV/0!,#DIV/0!,#DIV/0!,2114,0,2101,14,37,49,,0,0,,0,0,,0,0,,0,0,,,,,0.99,0.01,0.02,0.02,,,0,0,0,0,0
Harwinton,3,0,0,3,0,0,0,0,100,0,5642,0.532,5510,3,55,24,,0,0,,0,0,,0.054,0.054,,0,0,,,,,0.98,0,0.01,0,,,8333,8333,0,0,0
Hebron,5,0,0,5,0,0,0,0,100,0,9686,0.516,9072,61,59,195,,0,0,,0,0,,0.055,0.055,,0,0,,,,,0.94,0.01,0.01,0.02,,,10870,10870,0,0,0
Kent,4,0,0,4,0,0,0,0,100,0,2979,1.343,2680,194,10,7,,0,0,,0,0,,0.149,0.149,,0,0,,,,,0.9,0.07,0,0,,,8750,8750,0,0,0
Killingly,64,11,3,46,0,1,17.188,4.688,71.875,0,17370,3.685,15543,312,463,770,,0,0,,0.39,0.39,,0.296,0.296,,3.526,3.526,,,,,0.89,0.02,0.03,0.04,,,24043,22297,23333,0,14636
Killingworth,1,0,0,1,0,0,0,0,100,0,6525,0.153,6000,0,77,196,,0,0,,0,0,,0.017,0.017,,#DIV/0!,#DIV/0!,,,,,0.92,0,0.01,0.03,,,25000,25000,0,0,0
Lebanon,0,0,0,0,0,0,#DIV/0!,#DIV/0!,#DIV/0!,#DIV/0!,7308,0,6831,34,72,256,,0,0,,0,0,,0,0,,0,0,,,,,0.93,0,0.01,0.04,,,0,0,0,0,0
Ledyard,2,0,0,2,0,0,0,0,100,0,15051,0.133,12288,265,622,955,,0,0,,0,0,,0.016,0.016,,0,0,,,,,0.82,0.02,0.04,0.06,,,1250,1250,0,0,0
Lisbon,2,0,0,2,0,0,0,0,100,0,4338,0.461,4189,1,10,38,,0,0,,0,0,,0.048,0.048,,0,0,,,,,0.97,0,0,0.01,,,1250,1250,0,0,0
Litchfield,17,7,0,10,0,0,41.176,0,58.824,0,8466,2.008,8087,36,72,100,,0,0,,0,0,,0.124,0.124,,19.444,19.444,,,,,0.96,0,0.01,0.01,,,25500,31765,0,0,40714
Lyme,0,0,0,0,0,0,#DIV/0!,#DIV/0!,#DIV/0!,#DIV/0!,2406,0,2250,0,46,54,,0,0,,0,0,,0,0,,#DIV/0!,#DIV/0!,,,,,0.94,0,0.02,0.02,,,0,0,0,0,0
Madison,7,1,0,6,0,0,14.286,0,85.714,0,18269,0.383,17313,65,432,211,,0,0,,0,0,,0.035,0.035,,1.538,1.538,,,,,0.95,0,0.02,0.01,,,15917,14071,0,0,3000
Manchester,2667,1035,23,1588,4,12,38.808,0.862,59.543,0.15,58241,45.792,36413,6762,4870,8790,,0.082,0.082,,0.262,0.262,,4.361,4.361,,15.306,15.306,,,,,0.63,0.12,0.08,0.15,,,47129,51897,24548,10250,59140
Mansfield,82,5,1,73,0,2,6.098,1.22,89.024,0,26543,3.089,19651,1312,2705,1727,,0,0,,0.058,0.058,,0.371,0.371,,0.381,0.381,,,,,0.74,0.05,0.1,0.07,,,15430,16926,50000,0,22200
Marlborough,7,0,0,7,0,0,0,0,100,0,6404,1.093,6029,37,30,261,,0,0,,0,0,,0.116,0.116,,0,0,,,,,0.94,0.01,0,0.04,,,1500,1500,0,0,0
Meriden,749,209,40,488,0,1,27.904,5.34,65.154,0,60868,12.305,35495,5800,691,17082,,0,0,,0.234,0.234,,1.375,1.375,,3.603,3.603,,,,,0.58,0.1,0.01,0.28,,,40560,39005,78153,0,29080
Middlebury,27,5,0,22,0,0,18.519,0,81.481,0,7575,3.564,6587,122,560,167,,0,0,,0,0,,0.334,0.334,,4.098,4.098,,,,,0.87,0.02,0.07,0.02,,,35005,28893,0,0,2000
Middlefield,0,0,0,0,0,0,#DIV/0!,#DIV/0!,#DIV/0!,#DIV/0!,4425,0,4191,20,148,65,,0,0,,0,0,,0,0,,0,0,,,,,0.95,0,0.03,0.01,,,0,0,0,0,0
Middletown,505,293,6,200,0,1,58.02,1.188,39.604,0,47648,10.599,33333,5868,2103,4302,,0,0,,0.139,0.139,,0.6,0.6,,4.993,4.993,,,,,0.7,0.12,0.04,0.09,,,18079,26417,2417,0,32536
Milford,170,24,0,146,0,0,14.118,0,85.882,0,52759,3.222,45573,1005,2640,2809,,0,0,,0,0,,0.32,0.32,,2.388,2.388,,,,,0.86,0.02,0.05,0.05,,,11557,13179,0,0,23042
Monroe,14,0,0,14,0,0,0,0,100,0,19479,0.719,17737,136,627,955,,0,0,,0,0,,0.079,0.079,,0,0,,,,,0.91,0.01,0.03,0.05,,,13179,13179,0,0,0
Montville,19,5,1,13,0,0,26.316,5.263,68.421,0,19571,0.971,14493,1072,1171,1511,,0,0,,0.066,0.066,,0.09,0.09,,0.466,0.466,,,,,0.74,0.05,0.06,0.08,,,4385,5632,0,0,10000
Morris,0,0,0,0,0,0,#DIV/0!,#DIV/0!,#DIV/0!,#DIV/0!,2388,0,2219,7,8,51,,0,0,,0,0,,0,0,,0,0,,,,,0.93,0,0,0.02,,,0,0,0,0,0
Naugatuck,222,28,16,174,0,0,12.613,7.207,78.378,0,31862,6.968,25529,1572,886,3139,,0,0,,0.51,0.51,,0.682,0.682,,1.781,1.781,,,,,0.8,0.05,0.03,0.1,,,14080,14727,17656,0,18929
New Britain,57,15,3,39,0,0,26.316,5.263,68.421,0,73206,0.779,33977,7167,2223,27868,,0,0,,0.011,0.011,,0.115,0.115,,0.209,0.209,,,,,0.46,0.1,0.03,0.38,,,39056,40688,48333,0,43400
New Canaan,47,2,0,43,0,1,4.255,0,91.489,0,19738,2.381,18040,222,607,860,,0,0,,0,0,,0.238,0.238,,0.901,0.901,,,,,0.91,0.01,0.03,0.04,,,1913,2931,0,0,25000
New Fairfield,2,0,0,2,0,0,0,0,100,0,13881,0.144,12569,62,182,1072,,0,0,,0,0,,0.016,0.016,,0,0,,,,,0.91,0,0.01,0.08,,,2525,2525,0,0,0
New Hartford,3,1,0,2,0,0,33.333,0,66.667,0,6970,0.43,6629,56,69,156,,0,0,,0,0,,0.03,0.03,,1.786,1.786,,,,,0.95,0.01,0.01,0.02,,,6250,4167,0,0,0
New Haven,14244,9057,166,4966,0,12,63.585,1.165,34.864,0,129779,109.756,42075,43866,6575,33935,,0,0,,0.489,0.489,,11.803,11.803,,20.647,20.647,,,,,0.32,0.34,0.05,0.26,,,21821,24692,23858,0,26266
New London,515,230,19,264,0,1,44.66,3.689,51.262,0,27620,18.646,13350,4347,908,8073,,0,0,,0.235,0.235,,1.978,1.978,,5.291,5.291,,,,,0.48,0.16,0.03,0.29,,,22577,31891,26632,0,43161
New Milford,60,6,0,54,0,0,10,0,90,0,28142,2.132,24297,651,626,1763,,0,0,,0,0,,0.222,0.222,,0.922,0.922,,,,,0.86,0.02,0.02,0.06,,,14142,16911,0,0,41833
Newington,19,4,0,15,0,0,21.053,0,78.947,0,30562,0.622,24058,1563,1826,2581,,0,0,,0,0,,0.062,0.062,,0.256,0.256,,,,,0.79,0.05,0.06,0.08,,,3200,6474,0,0,18750
Newtown,7,2,0,5,0,0,28.571,0,71.429,0,27560,0.254,24546,296,588,2259,,0,0,,0,0,,0.02,0.02,,0.676,0.676,,,,,0.89,0.01,0.02,0.08,,,27200,36571,0,0,60000
Norfolk,2,2,0,0,0,0,100,0,0,0,1709,1.17,1363,13,21,5,,0,0,,0,0,,0,0,,15.385,15.385,,,,,0.8,0.01,0.01,0,,,0,50000,0,0,50000
North Branford,26,2,0,24,0,0,7.692,0,92.308,0,14407,1.805,13519,154,217,365,,0,0,,0,0,,0.178,0.178,,1.299,1.299,,,,,0.94,0.01,0.02,0.03,,,7854,7250,0,0,0
North Canaan,5,0,0,5,0,0,0,0,100,0,3315,1.508,2963,40,145,102,,0,0,,0,0,,0.169,0.169,,0,0,,,,,0.89,0.01,0.04,0.03,,,8300,8300,0,0,0
North Haven,29,2,0,26,0,0,6.897,0,89.655,0,24093,1.204,20697,678,1459,891,,0,0,,0,0,,0.126,0.126,,0.295,0.295,,,,,0.86,0.03,0.06,0.04,,,9097,8242,0,0,0
North Stonington,3,1,0,2,0,0,33.333,0,66.667,0,5297,0.566,4749,113,91,165,,0,0,,0,0,,0.042,0.042,,0.885,0.885,,,,,0.9,0.02,0.02,0.03,,,87500,75000,0,0,50000
Norwalk,3349,2097,104,1113,1,9,62.616,3.105,33.234,0.03,85603,39.122,49037,12521,4606,19109,,0.022,0.022,,0.544,0.544,,2.27,2.27,,16.748,16.748,,,,,0.57,0.15,0.05,0.22,,,19509,23631,16557,50,26254
Norwich,338,148,0,185,0,5,43.787,0,54.734,0,40493,8.347,24778,4267,3289,5674,,0,0,,0,0,,0.747,0.747,,3.468,3.468,,,,,0.61,0.11,0.08,0.14,,,28179,35109,0,0,43540
Old Lyme,1,0,0,1,0,0,0,0,100,0,7603,0.132,7206,13,185,101,,0,0,,0,0,,0.014,0.014,,0,0,,,,,0.95,0,0.02,0.01,,,60000,60000,0,0,0
Old Saybrook,21,0,0,19,0,1,0,0,90.476,0,10242,2.05,9469,104,387,129,,0,0,,0,0,,0.201,0.201,,0,0,,,,,0.92,0.01,0.04,0.01,,,6118,6024,0,0,0
Orange,95,24,0,69,0,0,25.263,0,72.632,0,13956,6.807,11909,194,1058,662,,0,0,,0,0,,0.579,0.579,,12.371,12.371,,,,,0.85,0.01,0.08,0.05,,,12405,21448,0,0,49235
Oxford,2,0,0,2,0,0,0,0,100,0,12683,0.158,11961,41,122,584,,0,0,,0,0,,0.017,0.017,,0,0,,,,,0.94,0,0.01,0.05,,,500,500,0,0,0
Plainfield,53,3,1,49,0,0,5.66,1.887,92.453,0,15405,3.44,13823,283,153,552,,0,0,,0.181,0.181,,0.354,0.354,,1.06,1.06,,,,,0.9,0.02,0.01,0.04,,,22094,21936,5000,0,25000
Plainville,56,7,0,48,0,1,12.5,0,85.714,0,17716,3.161,15510,401,342,1290,,0,0,,0,0,,0.309,0.309,,1.746,1.746,,,,,0.88,0.02,0.02,0.07,,,20813,22634,0,0,37643
Plymouth,16,0,0,16,0,0,0,0,100,0,12243,1.307,11252,132,12,534,,0,0,,0,0,,0.142,0.142,,0,0,,,,,0.92,0.01,0,0.04,,,40100,40100,0,0,0
Pomfret,2,1,0,1,0,0,50,0,50,0,4247,0.471,4030,44,80,54,,0,0,,0,0,,0.025,0.025,,2.273,2.273,,,,,0.95,0.01,0.02,0.01,,,100000,50250,0,0,0
Portland,5,2,0,3,0,0,40,0,60,0,9508,0.526,8950,23,59,290,,0,0,,0,0,,0.034,0.034,,8.696,8.696,,,,,0.94,0,0.01,0.03,,,667,3600,0,0,8000
Preston,0,0,0,0,0,0,#DIV/0!,#DIV/0!,#DIV/0!,#DIV/0!,4726,0,3821,102,364,149,,0,0,,0,0,,0,0,,0,0,,,,,0.81,0.02,0.08,0.03,,,0,0,0,0,0
Prospect,5,0,0,5,0,0,0,0,100,0,9405,0.532,8910,299,69,299,,0,0,,0,0,,0.056,0.056,,0,0,,,,,0.95,0.03,0.01,0.03,,,110000,110000,0,0,0
Putnam,30,3,2,25,0,0,10,6.667,83.333,0,9584,3.13,8866,50,41,316,,0,0,,0.633,0.633,,0.282,0.282,,6,6,,,,,0.93,0.01,0,0.03,,,7720,36600,15000,0,291667
Redding,1,0,0,1,0,0,0,0,100,0,9158,0.109,8513,124,118,301,,0,0,,0,0,,0.012,0.012,,0,0,,,,,0.93,0.01,0.01,0.03,,,500,500,0,0,0
Ridgefield,17,1,0,16,0,0,5.882,0,94.118,0,24638,0.69,22694,154,512,1297,,0,0,,0,0,,0.071,0.071,,0.649,0.649,,,,,0.92,0.01,0.02,0.05,,,7234,6897,0,0,1500
Rocky Hill,9,1,0,8,0,0,11.111,0,88.889,0,19709,0.457,15299,526,2124,1341,,0,0,,0,0,,0.052,0.052,,0.19,0.19,,,,,0.78,0.03,0.11,0.07,,,21938,20056,0,0,5000
Roxbury,0,0,0,0,0,0,#DIV/0!,#DIV/0!,#DIV/0!,#DIV/0!,2262,0,2190,0,9,66,,0,0,,0,0,,0,0,,#DIV/0!,#DIV/0!,,,,,0.97,0,0,0.03,,,0,0,0,0,0
Salem,1,0,0,1,0,0,0,0,100,0,4151,0.241,3735,69,119,91,,0,0,,0,0,,0.027,0.027,,0,0,,,,,0.9,0.02,0.03,0.02,,,5000,5000,0,0,0
Salisbury,2,0,0,2,0,0,0,0,100,0,3741,0.535,3340,115,39,139,,0,0,,0,0,,0.06,0.06,,0,0,,,,,0.89,0.03,0.01,0.04,,,2000,2000,0,0,0
Scotland,0,0,0,0,0,0,#DIV/0!,#DIV/0!,#DIV/0!,#DIV/0!,1726,0,1611,3,0,79,,#DIV/0!,#DIV/0!,,0,0,,0,0,,0,0,,,,,0.93,0,0,0.05,,,0,0,0,0,0
Seymour,154,22,3,128,0,0,14.286,1.948,83.117,0,16540,9.311,13468,672,499,1478,,0,0,,0.203,0.203,,0.95,0.95,,3.274,3.274,,,,,0.81,0.04,0.03,0.09,,,8102,8851,26833,0,11136
Sharon,2,0,0,2,0,0,0,0,100,0,2782,0.719,2495,7,61,14,,0,0,,0,0,,0.08,0.08,,0,0,,,,,0.9,0,0.02,0.01,,,10000,10000,0,0,0
Shelton,193,29,0,161,0,1,15.026,0,83.42,0,39559,4.879,36283,418,1350,2211,,0,0,,0,0,,0.444,0.444,,6.938,6.938,,,,,0.92,0.01,0.03,0.06,,,12151,14836,0,0,30345
Sherman,1,0,0,1,0,0,0,0,100,0,3581,0.279,3448,0,69,71,,0,0,,0,0,,0.029,0.029,,#DIV/0!,#DIV/0!,,,,,0.96,0,0.02,0.02,,,2500,2500,0,0,0
Simsbury,17,3,0,13,1,0,17.647,0,76.471,5.882,23511,0.723,20827,454,824,1189,,0.121,0.121,,0,0,,0.062,0.062,,0.661,0.661,,,,,0.89,0.02,0.04,0.05,,,95115,76106,0,300,19000
Somers,6,0,0,5,0,0,0,0,83.333,0,11444,0.524,9395,872,291,715,,0,0,,0,0,,0.053,0.053,,0,0,,,,,0.82,0.08,0.03,0.06,,,7400,10333,0,0,0
South Windsor,104,38,0,63,0,2,36.538,0,60.577,0,25709,4.045,20085,1328,2650,1436,,0,0,,0,0,,0.314,0.314,,2.861,2.861,,,,,0.78,0.05,0.1,0.06,,,30857,51678,0,0,83697
Southbury,6,1,0,5,0,0,16.667,0,83.333,0,19904,0.301,17778,338,671,846,,0,0,,0,0,,0.028,0.028,,0.296,0.296,,,,,0.89,0.02,0.03,0.04,,,12650,11375,0,0,5000
Southington,124,4,7,110,0,2,3.226,5.645,88.71,0,43069,2.879,40244,471,932,1483,,0,0,,0.472,0.472,,0.273,0.273,,0.849,0.849,,,,,0.93,0.01,0.02,0.03,,,40819,47033,143000,0,79000
Sprague,3,2,0,0,0,0,66.667,0,0,0,2984,1.005,2682,48,35,74,,0,0,,0,0,,0,0,,4.167,4.167,,,,,0.9,0.02,0.01,0.02,,,0,53500,0,0,75250
Stafford,7,0,0,7,0,0,0,0,100,0,12087,0.579,11325,45,203,280,,0,0,,0,0,,0.062,0.062,,0,0,,,,,0.94,0,0.02,0.02,,,36143,36143,0,0,0
Stamford,473,308,8,156,0,1,65.116,1.691,32.981,0,122643,3.857,62566,16476,10487,33864,,0,0,,0.024,0.024,,0.249,0.249,,1.869,1.869,,,,,0.51,0.13,0.09,0.28,,,35946,32543,72500,0,29805
Sterling,8,0,0,8,0,0,0,0,100,0,3830,2.089,3602,41,17,38,,0,0,,0,0,,0.222,0.222,,0,0,,,,,0.94,0.01,0,0.01,,,5875,5875,0,0,0
Stonington,105,12,1,90,1,1,11.429,0.952,85.714,0.952,18545,5.662,16969,171,392,685,,0.255,0.255,,0.146,0.146,,0.53,0.53,,7.018,7.018,,,,,0.92,0.01,0.02,0.04,,,5807,6272,100000,5000,2583
Stratford,184,95,1,85,0,1,51.63,0.543,46.196,0,51384,3.581,34444,7520,1502,7363,,0,0,,0.014,0.014,,0.247,0.247,,1.263,1.263,,,,,0.67,0.15,0.03,0.14,,,15848,29490,15000,0,42764
Suffield,10,1,0,9,0,0,10,0,90,0,15735,0.636,12554,1571,261,983,,0,0,,0,0,,0.072,0.072,,0.064,0.064,,,,,0.8,0.1,0.02,0.06,,,20139,18625,0,0,5000
Thomaston,13,0,0,13,0,0,0,0,100,0,7887,1.648,7303,45,44,177,,0,0,,0,0,,0.178,0.178,,0,0,,,,,0.93,0.01,0.01,0.02,,,5885,5885,0,0,0
Thompson,0,0,0,0,0,0,#DIV/0!,#DIV/0!,#DIV/0!,#DIV/0!,9458,0,8993,38,37,153,,0,0,,0,0,,0,0,,0,0,,,,,0.95,0,0,0.02,,,0,0,0,0,0
Tolland,3,0,0,3,0,0,0,0,100,0,15052,0.199,13727,50,256,683,,0,0,,0,0,,0.022,0.022,,0,0,,,,,0.91,0,0.02,0.05,,,9167,9167,0,0,0
Torrington,582,126,6,442,2,1,21.649,1.031,75.945,0.344,36383,15.996,30311,612,1184,3062,,0.169,0.169,,0.196,0.196,,1.458,1.458,,20.588,20.588,,,,,0.83,0.02,0.03,0.08,,,21515,28071,108583,25500,48543
Trumbull,18,1,0,17,0,0,5.556,0,94.444,0,36018,0.5,30419,782,1598,2945,,0,0,,0,0,,0.056,0.056,,0.128,0.128,,,,,0.84,0.02,0.04,0.08,,,16044,15291,0,0,2500
Union,0,0,0,0,0,0,#DIV/0!,#DIV/0!,#DIV/0!,#DIV/0!,854,0,895,4,0,38,,#DIV/0!,#DIV/0!,,0,0,,0,0,,0,0,,,,,1.05,0,0,0.04,,,0,0,0,0,0
Vernon,400,153,3,232,0,2,38.25,0.75,58,0,29179,13.708,23883,1323,1028,2155,,0,0,,0.139,0.139,,0.971,0.971,,11.565,11.565,,,,,0.82,0.05,0.04,0.07,,,26967,37077,50000,0,52873
Voluntown,0,0,0,0,0,0,#DIV/0!,#DIV/0!,#DIV/0!,#DIV/0!,2603,0,2424,0,13,45,,0,0,,0,0,,0,0,,#DIV/0!,#DIV/0!,,,,,0.93,0,0,0.02,,,0,0,0,0,0
Wallingford,121,8,7,104,0,0,6.612,5.785,85.95,0,45135,2.681,38050,763,1510,4127,,0,0,,0.17,0.17,,0.273,0.273,,1.048,1.048,,,,,0.84,0.02,0.03,0.09,,,15809,18530,33571,0,45000
Warren,0,0,0,0,0,0,#DIV/0!,#DIV/0!,#DIV/0!,#DIV/0!,1461,0,1319,0,10,43,,0,0,,0,0,,0,0,,#DIV/0!,#DIV/0!,,,,,0.9,0,0.01,0.03,,,0,0,0,0,0
Washington,1,0,0,1,0,0,0,0,100,0,3578,0.279,3191,0,40,278,,0,0,,0,0,,0.031,0.031,,#DIV/0!,#DIV/0!,,,,,0.89,0,0.01,0.08,,,50000,50000,0,0,0
Waterbury,8077,3797,597,3650,5,7,47.01,7.391,45.19,0.062,110366,73.184,46316,19645,1923,37606,,0.26,0.26,,1.588,1.588,,7.881,7.881,,19.328,19.328,,,,,0.42,0.18,0.02,0.34,,,26048,30173,42209,25500,32285
Waterford,21,7,0,14,0,0,33.333,0,66.667,0,19517,1.076,16590,433,739,1273,,0,0,,0,0,,0.084,0.084,,1.617,1.617,,,,,0.85,0.02,0.04,0.07,,,27536,23690,0,0,16000
Watertown,166,19,0,145,0,0,11.446,0,87.349,0,22514,7.373,20389,333,235,1068,,0,0,,0,0,,0.711,0.711,,5.706,5.706,,,,,0.91,0.01,0.01,0.05,,,16567,17002,0,0,19474
West Hartford,390,85,1,293,3,8,21.795,0.256,75.128,0.769,63268,6.164,47160,4284,4162,6259,,0.072,0.072,,0.016,0.016,,0.621,0.621,,1.984,1.984,,,,,0.75,0.07,0.07,0.1,,,38262,43161,1000,66666,59993
West Haven,588,266,7,312,0,0,45.238,1.19,53.061,0,55564,10.582,29479,11486,1918,10647,,0,0,,0.066,0.066,,1.058,1.058,,2.316,2.316,,,,,0.53,0.21,0.03,0.19,,,107850,75335,78571,0,37586
Westbrook,3,0,0,3,0,0,0,0,100,0,6938,0.432,6368,29,15,353,,0,0,,0,0,,0.047,0.047,,0,0,,,,,0.92,0,0,0.05,,,0,0,0,0,0
Weston,5,0,0,4,1,0,0,0,80,20,10179,0.491,9191,137,347,377,,0.288,0.288,,0,0,,0.044,0.044,,0,0,,,,,0.9,0.01,0.03,0.04,,,250,600,0,2000,0
Westport,12,0,0,12,0,0,0,0,100,0,26391,0.455,23479,207,1591,1239,,0,0,,0,0,,0.051,0.051,,0,0,,,,,0.89,0.01,0.06,0.05,,,18708,18708,0,0,0
Wethersfield,86,13,1,72,0,0,15.116,1.163,83.721,0,26668,3.225,21368,867,1024,2821,,0,0,,0.035,0.035,,0.337,0.337,,1.499,1.499,,,,,0.8,0.03,0.04,0.11,,,45903,45174,50000,0,40769
Willington,2,1,0,1,0,0,50,0,50,0,6041,0.331,5387,0,90,356,,0,0,,0,0,,0.019,0.019,,#DIV/0!,#DIV/0!,,,,,0.89,0,0.01,0.06,,,15000,8000,0,0,1000
Wilton,6,0,0,6,0,0,0,0,100,0,18062,0.332,16391,151,1188,438,,0,0,,0,0,,0.037,0.037,,0,0,,,,,0.91,0.01,0.07,0.02,,,583,583,0,0,0
Winchester,57,3,2,50,0,0,5.263,3.509,87.719,0,11242,5.07,9446,147,289,974,,0,0,,0.205,0.205,,0.529,0.529,,2.041,2.041,,,,,0.84,0.01,0.03,0.09,,,9467,8769,2750,0,5333
Windham,241,29,24,185,0,1,12.033,9.959,76.763,0,25268,9.538,14094,1188,484,8819,,0,0,,0.272,0.272,,1.313,1.313,,2.441,2.441,,,,,0.56,0.05,0.02,0.35,,,18536,17142,17479,0,9625
Windsor Locks,20,4,0,14,0,0,20,0,70,0,12498,1.6,10230,549,912,548,,0,0,,0,0,,0.137,0.137,,0.729,0.729,,,,,0.82,0.04,0.07,0.04,,,11393,19725,0,0,58750
Windsor,83,45,0,38,0,0,54.217,0,45.783,0,29044,2.858,13979,10744,1109,2373,,0,0,,0,0,,0.272,0.272,,0.419,0.419,,,,,0.48,0.37,0.04,0.08,,,21921,32711,0,0,41822
Wolcott,38,1,1,36,0,0,2.632,2.632,94.737,0,16680,2.278,15029,291,263,1041,,0,0,,0.096,0.096,,0.24,0.24,,0.344,0.344,,,,,0.9,0.02,0.02,0.06,,,10373,10222,10000,0,5000
Woodbridge,36,4,1,29,0,0,11.111,2.778,80.556,0,8990,4.004,7452,88,1083,265,,0,0,,0.377,0.377,,0.389,0.389,,4.545,4.545,,,,,0.83,0.01,0.12,0.03,,,11086,12544,100,0,26250
Woodbury,7,1,0,6,0,0,14.286,0,85.714,0,9975,0.702,9028,22,300,433,,0,0,,0,0,,0.066,0.066,,4.545,4.545,,,,,0.91,0,0.03,0.04,,,2083,2857,0,0,7500
Woodstock,3,0,0,3,0,0,0,0,100,0,7964,0.377,7449,33,14,275,,0,0,,0,0,,0.04,0.04,,0,0,,,,,0.94,0,0,0.03,,,7000,7000,0,0,0